audit_id,row,decision,reason
0,3225,removed,lang_id
1,6208,removed,lang_id
2,2612,removed,number_mismatch
3,17405,kept,
4,11431,kept,
5,5545,kept,
6,13435,removed,number_mismatch
7,7231,kept,
8,16061,kept,
9,13380,removed,lang_id
10,14242,removed,lang_id
11,3051,kept,
12,5907,kept,
13,10598,removed,number_mismatch
14,7789,kept,
15,16084,kept,
16,979,removed,lang_id
17,17797,kept,
18,18250,removed,number_mismatch
19,19754,removed,lang_id
20,8051,kept,
21,7345,removed,lang_id
22,3728,kept,
23,9617,removed,lang_id
24,547,removed,number_mismatch
25,12100,removed,lang_id
26,15221,removed,lang_id
27,12485,removed,number_mismatch
28,8336,kept,
29,263,kept,
30,3631,removed,number_mismatch
31,784,removed,lang_id
32,16542,removed,number_mismatch
33,8160,removed,lang_id
34,14829,kept,
35,13861,kept,
36,10789,kept,
37,290,kept,
38,9029,kept,
39,15448,removed,lang_id
40,10659,removed,lang_id
41,12249,kept,
42,444,removed,number_mismatch
43,2174,removed,lang_id
44,7613,kept,
45,11037,kept,
46,18457,removed,number_mismatch
47,13783,removed,lang_id
48,9701,kept,
49,577,removed,lang_id
50,13971,kept,
51,3270,kept,
52,1796,removed,lang_id
53,14383,kept,
54,12122,kept,
55,4085,removed,lang_id
56,12032,kept,
57,17351,removed,lang_id
58,9427,kept,
59,3123,removed,lang_id
60,10430,kept,
61,13053,removed,lang_id
62,7003,removed,lang_id
63,9562,removed,number_mismatch
64,9099,removed,lang_id
65,19988,kept,
66,13933,removed,lang_id
67,3507,kept,
68,10186,removed,number_mismatch
69,3622,kept,
70,14211,removed,lang_id
71,2369,kept,
72,4772,kept,
73,11557,removed,lang_id
74,12677,kept,
75,17903,kept,
76,1370,removed,lang_id
77,14022,kept,
78,19431,kept,
79,4330,kept,
80,5027,removed,lang_id
81,18726,removed,lang_id
82,19287,removed,lang_id
83,5088,kept,
84,514,kept,
85,18896,removed,lang_id
86,13665,kept,
87,3387,removed,number_mismatch
88,17565,kept,
89,10530,removed,number_mismatch
90,18710,removed,lang_id
91,19365,kept,
92,11353,kept,
93,8153,removed,lang_id
94,18411,removed,lang_id
95,18244,kept,
96,1559,kept,
97,13771,removed,number_mismatch
98,3066,removed,lang_id
99,11124,kept,
100,19419,removed,length
101,17529,removed,lang_id
102,17832,kept,
103,1427,kept,
104,14562,kept,
105,19192,kept,
106,6087,removed,number_mismatch
107,17821,removed,number_mismatch
108,691,kept,
109,18326,kept,
110,14205,kept,
111,11267,removed,lang_id
112,14225,kept,
113,5366,kept,
114,5302,removed,lang_id
115,14503,kept,
116,16621,removed,number_mismatch
117,16008,removed,lang_id
118,19744,kept,
119,7247,removed,lang_id
120,7759,removed,number_mismatch
121,14887,kept,
122,15655,kept,
123,7928,kept,
124,19666,removed,lang_id
125,13852,removed,lang_id
126,11632,kept,
127,9158,kept,
128,1605,removed,lang_id
129,7992,removed,lang_id
130,11868,kept,
131,5149,removed,lang_id
132,19897,removed,number_mismatch
133,14334,kept,
134,4084,removed,lang_id
135,17586,kept,
136,8898,removed,number_mismatch
137,309,kept,
138,5337,removed,number_mismatch
139,13762,kept,
140,15258,kept,
141,17943,kept,
142,11049,kept,
143,19931,removed,number_mismatch
144,6415,removed,lang_id
145,4883,removed,lang_id
146,1048,removed,number_mismatch
147,15115,kept,
148,8021,removed,number_mismatch
149,6416,removed,number_mismatch
150,2911,kept,
151,19657,kept,
152,7946,removed,number_mismatch
153,4203,removed,lang_id
154,2651,removed,number_mismatch
155,6802,removed,number_mismatch
156,18256,kept,
157,12811,kept,
158,2381,removed,number_mismatch
159,8455,removed,lang_id
160,19776,kept,
161,16753,kept,
162,11744,kept,
163,16016,kept,
164,8296,removed,lang_id
165,3906,removed,number_mismatch
166,6253,kept,
167,14206,removed,number_mismatch
168,8105,kept,
169,546,removed,number_mismatch
170,13489,removed,lang_id
171,16139,removed,lang_id
172,12980,removed,lang_id
173,11920,removed,number_mismatch
174,4495,kept,
175,5013,kept,
176,16711,kept,
177,18618,removed,number_mismatch
178,10441,kept,
179,11238,kept,
180,11880,removed,number_mismatch
181,13949,removed,number_mismatch
182,19274,kept,
183,8986,kept,
184,4387,kept,
185,12343,kept,
186,16998,removed,lang_id
187,14134,kept,
188,18550,removed,lang_id
189,4228,removed,number_mismatch
190,7309,kept,
191,14124,kept,
192,13231,removed,number_mismatch
193,9468,kept,
194,13978,removed,number_mismatch
195,3124,kept,
196,7069,removed,number_mismatch
197,12792,removed,number_mismatch
198,10099,kept,
199,6116,kept,
