audit_id,src,tgt,is_good_pair,notes
0,Das Kloster Zuckau und seine Umgebungen während des 13. und 14.,Theodor Hirsch: Das Kloster Zuckau und seine Umgebungen während des 13. und 14. Jahrhunderts.,,
1,"Tina Cullen, ( 8.)",Tina Cullen ( 8.),,
2,"In the sixties and seventies, the company expanded by opening branches at all major airports in Germany.",In den 1960er und 1970er Jahren expandierte das Unternehmen durch die Eröffnung von Filialen an allen bedeutenden Flughäfen Deutschlands in das gesamte Bundesgebiet.,,
3,"This is an important observation because the Strawberry Point, Utsalady Point, Southern Whidbey Island, and various other unnamed faults lying between the DDMFZ and the OWL – all of which converge at the western end of the DDMFZ – seem to be intermediate versions of the DDMFZ.","Dies ist eine bedeutende Beobachtung, weil die Strawberry-Point-, die Utsalady-Point-, die Southern-Whidbey-Island- und verschiedene weitere unbenannte Verwerfungen, die zwischen der DDMFZ und dem OWL liegen – alle laufen am Westende der DDMFZ zusammen – Zwischenstadien der DDMFZ zu sein scheinen.",,
4,Melinda Green discovered 'by accident' that the Anti-Buddhabrot paradigm fully integrates the logistic map.,"Melinda Green entdeckte „durch Zufall“, dass das Anti-Buddhabrot die logistische Gleichung vollständig enthält.",,
5,"Vocalist Roger Daltrey's final words to the crowd of first responders and their families were: ""We could never follow what you did.""","Roger Daltreys letzte Worte an das Publikum aus Ersthelfern und ihren Familien waren: Dem was ihr getan habt, konnten wir nie folgen.",,
6,"It has been estimated that CT scans performed in the US in 2007 alone will result in 29,000 new cancer cases in future years.",Ausgehend von 70 Millionen durchgeführter CT-Scans in den USA im Jahr 2007 sind 29.000 künftige Krebserkrankungen zu befürchten.,,
7,This has been evinced by excavations between Atzing and Unterreit.,Dies ist durch Fundamentgrabungen zwischen Atzing und Unterreit nachgewiesen worden.,,
8,"Should They?”, and “Do Firms Maximize?","Sollten Sie?”, und “Maximieren Unternehmen?",,
9,The original company name was Girozentrale der österreichischen Genossenschaften.,Der ursprüngliche Unternehmensname lautete auf Girozentrale der österreichischen Genossenschaften.,,
10,"Ehrenberg, Staat, pp. 114.","Ehrenberg, Staat, S. 114.",,
11,"The largest was the département, that was headed by a prefecture, alongside whom worked a general secretary.","Der größte war das Departement, dem ein Präfekt bevorstand und neben dem ein Generalsekretär wirkte.",,
12,"After several months of rehearsals I decided that I should cover the holes in my musical education by chaos (the bigger the better).""","Nach mehrmonatigen Proben entschloss ich mich einfach, die Lücken in meiner musikalischen Ausbildung durch schieres Chaos wettzumachen - je mehr desto besser.""",,
13,"Others picked up the cry and 18,000 letters were sent to General Motors, which had provided $3 million of the film's cost.","Anhänger schickten 18.000 Briefe an General Motors, das sich mit drei Millionen Dollar an dem Film beteiligt hatte.",,
14,"The number of deaths reported by the authorities was 94, including 44 schoolchildren who were at the beginning of their holidays on their way from Magdeburg to a summer camp in the Harz Mountains.","Die Zahl der Todesopfer wurde von den Behörden mit 94 angegeben, davon 44 Schulkinder, die sich am Ferienbeginn auf dem Weg von Magdeburg in ein Ferienlager im Harz befanden.",,
15,"From 7 May 2008 to the early release of GAL-members by the First Mayor Chris Ahlhaus on 29 November 2010, Christa Goetsch was a member of the Senate of the Free and Hanseatic City of Hamburg.",Vom 7. Mai 2008 bis zur vorzeitigen Entlassung der GAL-Mitglieder durch den Ersten Bürgermeister Christoph Ahlhaus am 29. November 2010 war Christa Goetsch Mitglied im Senat der Freien und Hansestadt Hamburg.,,
16,"Bischof, Walter F. ""38 Aus tiefer Not schrei ich zu dir"".",Walter F. Bischof: 38 Aus tiefer Not schrei ich zu dir.,,
17,"In order to view the work as a whole, the audience had to destroy it.","Um es als Ganzes zu sehen, musste das Publikum das Werk zerstören.",,
18,"After a 7-year hiatus, Kubonouchi began Chocolat, a story about a former mob boss, just having been released from the prison, who befriends a 16-year-old girl.","Nach einer Schaffenspause von sieben Jahren begann Kubonouchi Chocolat, eine Geschichte über einen ehemaligen Mafia-Boss und einen gerade entlassenen Häftling, die sich mit einem 16-jährigen Mädchen anfreunden.",,
19,"The series is, in contrast to the Lümmel-Filmen mit Hansi Kraus depicted realistically.","Die Serie ist, im Gegensatz zu den Lümmel-Filmen mit Hansi Kraus, realistisch dargestellt.",,
20,The company began its production at Suomenlinna and Santahamina in Helsinki.,Das Unternehmen produzierte zunächst in Suomenlinna and Santahamina bei Helsinki.,,
21,Ueber Differenzierung des Protoplasmas an den Zellen tierischer Gewebe.,Über Differenzierung des Protoplasmas an den Zellen tierischer Gewebe.,,
22,Within the Macellum on the south side are twelve shops.,Im Inneren des Macellums gibt es an der Südseite zwölf Läden.,,
23,The First Victim.,Das erste Opfer.,,
24,"Note 2: The Athlon 64 3300+ is only available in Hewlett-Packard and IBM systems, or as an OEM chip.","Der Athlon 64 3300+ ist nur in Hewlett-Packard, IBM Systemen oder als OEM Chip verfügbar.",,
25,Die Heimathymnen der preußischen Provinzen und ihrer Landschaften − Eine literarische Charakteristik.,Gertrud Stendal: Die Heimathymnen der preußischen Provinzen und ihrer Landschaften – Eine literarische Charakteristik.,,
26,NDL-OPAC.,NDL-OPAC,,
27,"Twenty-three marchers, including Gold, were arrested.","23 Demonstranten, darunter auch Gold, wurden verhaftet.",,
28,"The work opens with a first-person account of the narrator of Z213: Exit, who recounts his arrival at a derelict train station named Nichtovo in search of a place where, he has been told, an improvised performance is being staged by, what appear to be, a band of social outcasts.","Das Werk beginnt mit einem Ich-Bericht des Erzählers von Z213: Exit, der seine Ankunft an einem heruntergekommenen Bahnhof namens Nichtovo erzählt, auf der Suche nach einem Ort, an dem, wie ihm gesagt wurde, eine improvisierte Performance von einer Gruppe sozialer Außenseiter inszeniert wird.",,
29,"At the 2004 Square Enix E3 press conference, the producer, Shinji Hashimoto, stated that many mysteries of the first game would be answered.","Auf der Square-Enix-Pressekonferenz bei der E3 im Jahr 2004 sagte der Produzent, Shinji Hashimoto, dass viele Fragen des ersten Spiels beantwortet werden.",,
30,In 1951 he premiered Vagn Holmboe's 7th Symphony with the Danish Radio Symphony Orchestra.,1951 dirigierte er die Uraufführung von Vagn Holmboes siebter Sinfonie mit dem Danish Radio Symphony Orchestra.,,
31,Harvard Management Update.,In: Harvard Management Update.,,
32,"In those years, there were five chapels in Ħal Safi.",In diesen Jahren gab es 5 Kapellen in Safi.,,
33,"Her commander, Kapitänleutnant (Kptlt.)","Der Kommandant, Kapitänleutnant (KptLt.)",,
34,"During her studies at Sciences Po in Paris she founded a Green university group and was co-organiser of the first ""European Students Convent"" in 2001/2002.",Während ihres Studiums an der Sciences Po in Paris gründete sie eine grüne Hochschulgruppe und war dort 2001/2002 Mitorganisatorin des ersten „Europäischen Studentenkonvents“.,,
35,The south-eastern one through Sidbury Gate was led by Charles II and attacked Red Hill.,Der südöstliche Ausfall durch das Sidbury Tor wurde von Karl II. persönlich geleitet und griff Red Hill an.,,
36,"Only in 1973, after several years of preparation and uncertainty, did the planning of the Pfändertunnel begun as another important part of the new motorway.",Erst 1973 wurde nach mehreren Jahren der Vorbereitung und der Ungewissheit die Planung des Pfändertunnels als weiteres wichtiges Teilstück der neuen Autobahn begonnen.,,
37,"I mean, I definitely felt much more personal about it.","Ich meine, ich habe mich wirklich sehr viel persönlicher darüber gefühlt.",,
38,Their last concert was given on 1 November 1994.,Das letzte Konzert fand am 1. November 1994 statt.,,
39,In 1810 Aichelberg came to Oberamt Kirchheim unter Teck.,1810 kam Aichelberg zum Oberamt Kirchheim unter Teck.,,
40,"Ignaz Görtz: ""Wo sie am höchsten ragen, the Felsen der Ahr …"" Beitrag zur Baugeschichte der Burg Are.","Ignaz Görtz: „Wo sie am höchsten ragen, die Felsen der Ahr …“ Beitrag zur Baugeschichte der Burg Are.",,
41,"In Denmark, series X has been plausibly associated with the early trading center at Ribe.",In Dänemark ist die Serie X mit dem frühen Handelszentrum Ribe verbunden.,,
42,Fourteen ISAF and Afghan service members were injured.,Insgesamt wurden 14 ISAF-Soldaten und afghanische Soldaten verletzt.,,
43,Die Genesis der Endlösung aus dem Geiste der Wissenschaften: Volksgeschichte und Bevölkerungspolitik im Nationalsozialismus.,Aufsätze Die Genesis der Endlösung aus dem Geiste der Wissenschaften: Volksgeschichte und Bevölkerungspolitik im Nationalsozialismus.,,
44,"Greenberg is not claiming that God did use the Holocaust to punish Jews; he is just saying that if God chose to do so, that would be the worst possible thing.","Greenberg sagt nicht, dass Gott tatsächlich den Holocaust benutzt hat, um die Juden zu bestrafen – er sagt nur, wenn Gott dies beschließen würde, wäre es das schlimmstmögliche Ereignis.",,
45,"A collection of her poems, Immanuel's Land and Other Pieces, was published in 1876 under her initials A.R.C., by which she was most widely known.","Eine Sammlung ihrer Dichtung, Immanuel's Land and Other Pieces, wurde 1876 unter ihren Initialen A.R.C. veröffentlicht, unter denen sie am bekanntesten war.",,
46,The pile dwelling was only inhabited during certain summer months.,Im Jahre 2009 wurde Yiğitler nur noch in den Sommermonaten bewohnt.,,
47,Production house Sandra Luzina: Eine verwickelte Affäre.,Sandra Luzina: Eine verwickelte Affäre.,,
48,"Since he was admired in professional circles for his outstanding work as a school administrator, he received the post of director of the normal primary school at St. Anna in 1851.","Da er in Fachkreisen für seine herausragende Tätigkeit als Schulrat bewundert wurde, erhielt er 1851 die Stelle des Direktors an der Normal-Hauptschule bei St. Anna.",,
49,"2014, June: Visions of the Alhambra, at the Vitra Campus, Weil am Rhein.","2014, Juni: Visionen der Alhambra in Vitra Campus, Weil am Rhein.",,
50,"He showed little sympathy for German Colonial Society, but was open to African cultures, including languages.","Er zeigte wenig Sympathie für die Deutsche Kolonialgesellschaft, war aber gegenüber den afrikanischen Kulturen einschließlich der Sprachen aufgeschlossen.",,
51,"Mayim Bialik, too, considers attachment a feminist option, since it constitutes an alternative to the – male dominated – superiority of physicians who traditionally shaped the spheres of pregnancy, childbirth, and motherhood.","Auch Mayim Bialik hält das Attachment Parenting für eine feministische Option, weil es einen Gegenentwurf zur – männlich dominierten – Übermacht der Ärzte darstelle, die die Bereiche Schwangerschaft, Geburt und Mutterschaft traditionell geprägt haben.",,
52,"A character data book titled Nurarihyon no Mago: Official Character Data Book: Secret Ayakashi Notes (ぬらりひょんの孫　キャラクター公式データブック　妖秘録, Nurarihyon no Mago: Kyarakutā Kōshiki Dēta Bukku: Ayakashi Hiroku) was released on July 2, 2010.","Ein Sonderband mit dem Titel Nurarihyon no Mago: Official Character Data Book: Ayakashi Hiroku (ぬらりひょんの孫　キャラクター公式データブック　妖秘録, Nurarihyon no Mago: Kyarakutā Kōshiki Dēta Bukku: Ayakashi Hiroku) erschien am 2. Juli 2010.",,
53,The Liebefeld and Posieux locations merged exactly one hundred years after their foundation to form the Agroscope Liebefeld-Posieux Research Station (ALP).,Die Standorte Liebefeld und Posieux fusionierten genau hundert Jahre nach der Gründung zur Forschungsanstalt Agroscope Liebefeld-Posieux ALP.,,
54,"In 1923 Balfour was appointed Director of the London School of Hygiene & Tropical Medicine, and oversaw the construction of a new school.",1923 wurde Andrew Balfour zum Direktor der London School of Hygiene and Tropical Medicine ernannt und überwachte den Bau einer neuen Schule.,,
55,"(Club RMX Radio 4Play) – 3:58 European CD maxi single ""Let's Get Back to Bed – Boy!""",(Club RMX Radio 4Play) (3:58) Europäische Maxi-Single Let’s Get Back to Bed – Boy!,,
56,Sariko suddenly realizes that Sia follows him.,"Plötzlich merkt Sariko, dass Sia ihm folgt.",,
57,Bannwald Richard B. Hilf: Der Wald.,Richard B. Hilf: Der Wald.,,
58,Lichtenfeld is often called the inventor of The Black Forest Clinic.,Lichtenfeld wird oftmals als Erfinder der Schwarzwaldklinik bezeichnet.,,
59,His innovations found the attention of Italian agricultural societies and the Société impériale et centrale d'agriculture.,Seine Neuerungen fanden die Beachtung italienischer Landwirtschaftsgesellschaften und der Société impériale et centrale d'agriculture.,,
60,"We want to grow up in our families, go to the neighborhood school, use the same bus as our neighbors, work in jobs that are in line with our education and interests, and raise families of our own.","Wir wollen aufwachsen in unseren Familien, auf die Schule in der Nachbarschaft gehen, den gleichen Bus nutzen wie unsere Nachbarn, und in Jobs arbeiten, die im Einklang mit unserer Bildung und unseren Interessen sind.",,
61,Ich gehe bis nach Karlsruhe: Eine Geschichte des Bundesverfassungsgerichts - Ein SPIEGEL-Buch.,Ich gehe bis nach Karlsruhe – Eine Geschichte des Bundesverfassungsgerichts.,,
62,"""Full Episode — Tues.",In: Full Episode - Tues.,,
63,"In 1996, Waltrip posted two top-ten finishes.",Im Jahre 1996 lieferte Waltrip zwei Top-10-Ergebnisse ab.,,
64,COLLECTING SOUNDS WITH...,Kunst sammeln mit ...,,
65,"He was martyred in Africa with a number of companions, but nothing more is known about him.","Er erlitt das Martyrium in Afrika mit einer Anzahl von Gefährten, weiter ist nichts über ihn bekannt.",,
66,"Even today, one hears the German expression ""Das macht nach Adam Ries(e)...""",Heute noch kennt man den Spruch „Das macht nach Adam Ries(e) ...“.,,
67,This means that the S-Bahn has comparatively low passenger use.,Dieser Umstand macht sich bei der S-Bahn in vergleichsweise niedrigen Fahrgastzahlen bemerkbar.,,
68,"Ninja Melk, a 26-minute short film about ninjas, was released in August 2009.","Ninja Melk, ein Kurzfilm über Ninjas, wurde August 2009 veröffentlicht.",,
69,"The mosaic was divided into several, transportable, plates.","Das Mosaik wurde in mehrere, transportable, Platten aufgeteilt.",,
70,Biotropica 30.1 (1998): 104-19.,In: Biotropica 30.1 (1998): 104-19.,,
71,"He stated that Alawites in Tripoli do not have problems with Sunnis, but have to protect themselves when they are attacked.","Er konstatierte, dass Alawiten in Tripoli keine Probleme mit Sunniten hätten, sich jedoch zu verteidigen wüssten, wenn sie angegriffen werden.",,
72,In all these countries he worked in many studios and workshops.,In all diesen Ländern arbeitete er in vielen Ateliers und Werkstätten.,,
73,Studien zur Siedlungsentwicklung und -struktur von Stadt und Kloster Corvey (800-1670).,Studien zur Siedlungsentwicklung und -struktur von Stadt und Kloster Corvey (800–1670).,,
74,"In October 2015, Smith appeared on the BBC Three documentary We Want Our Country Back, where he sharply criticised the far-right anti-immigration political movement Britain First.","Im Oktober 2015 erschien Smith in der BBC Three Dokumentation We Want Our Country Back, wo er die rechtsextreme Anti-Immigrationsbewegung „Britain First“ scharf kritisierte.",,
75,Hotel is a 1965 novel by Arthur Hailey.,Hotel ist ein Roman aus dem Jahr 1965 von Arthur Hailey.,,
76,"""Wie kleine diese Welt...",Wie klein diese Welt ...,,
77,Many of the workers were hired to restore old mansions in Yemen or to use the same methods to build new ones there.,"Viele Arbeiter wurden angestellt, um im Jemen alte Häuser wieder auf zu bauen, oder um dieselben Methoden anzuwenden, um dort neue Häuser zu errichten.",,
78,From 1973 to 1985 he was a member of the Council of the Royal United Services Institute for Defence Studies.,1973 bis 1985 war er Mitglied des Council of the Royal United Services Institute for Defence Studies.,,
79,"Also, Möbius syndrome bears his name, which he first described in 1888; and he pointed the way to understanding the cause of the endocrinological disorder Graves' disease.","Außerdem trägt das Möbius-Syndrom seinen Namen, das er als erster 1888 beschrieb, und er wies den Weg zur Erkennung der endokrinologischen Ursache des Morbus Basedow.",,
80,AMNH FR 7434 (Early Eocene) Accipitridae gen. et sp. indet.,AMNH FR 7434 (Unteres Eozän) Accipitridae gen. et sp. indet.,,
81,I.P.I. report: Monthly bulletin of the International Press Institute.,"Nachruf in: I.P.I. Report: Monthly Bulletin of the International Press Institute, Bde.",,
82,I24news.tv.,In: i24news.tv.,,
83,There are many versions made and used throughout the Indonesian archipelago alone.,"Es gibt viele Versionen, die im gesamten indonesischen Archipel hergestellt und benutzt werden.",,
84,The first was directed by Melina Matsoukas and was filmed in Los Angeles.,Das erste wurde von Melina Matsoukas in Los Angeles gefilmt.,,
85,"""LEICHEN PFLASTERN SEINEN WEG"".",Leichen pflastern ihren Weg.,,
86,"These days Walter W. Müller devotes himself to the study of South Arabia, especially from a linguistic and economic point of view.","Walter W. Müller beschäftigt sich schwerpunktmäßig mit dem südarabischen Raum, besonders in sprachlicher und wirtschaftlicher Hinsicht.",,
87,"From 2009 to 2010, Humm was CRO (Chief Regional Officer) and a member of the Executive Committee of T-Mobile International.",Humm war von 2008 bis 2010 Chief Regional Officer (CRO) und Mitglied des Executive Committee der T-Mobile International.,,
88,"Robert had a delicate constitution and a limp, due to a slight deformity in his right leg.",Robert war schwächlich und hinkte aufgrund einer leichten Deformation seines rechten Beins.,,
89,"In 2015, Oude Luttikhuis moved to first division club Eurosped TVT Almelo.",Im gleichen Jahr wechselte Oude Luttikhuis zum Erstligisten Eurosped TVT Almelo.,,
90,"In 1958, René Tavernier was a member of the executive committee of the National Institute of Agricultural Studies in the Belgian Congo (INEAC-NILCO).",Im Jahre 1958 war René Tavernier Mitglied des leitenden Ausschusses des “Nationaal Instituut voor Landbouwstudies in Belgisch Congo” (INEAC-NILCO).,,
91,"After the September 11 attacks, Al-Alwan issued two fatwas (21 September 2001 and 19 October 2001), in which he declared that any Muslim who supported the Americans in Afghanistan was an infidel, and called on all Muslims to support the Afghans and Taliban by any means, including jihad.","Nach dem 11. September erließ al-Ulwan zwei bemerkenswerte Fatwa (21. September 2001 und 19. Oktober 2001), worin er jede Unterstützung der Amerikaner in Afghanistan verbot, solche Unterstützer zu Ungläubigen erklärte (takfir) und alle Muslime dazu aufrief, den Afghanen und Taliban mit allen Mitteln zu helfen, einschließlich des militanten Dschihad.",,
92,Website of Sight and Life,Homepage von Sight and Life,,
93,"The larger d {\displaystyle d} and/or α {\displaystyle \alpha } , the more free electrons are created.)","Je größer also d {\displaystyle d} und/oder α {\displaystyle \alpha } ist, desto mehr freie Elektronen werden erzeugt.)",,
94,"Maurice Bowra dubbed it ""The Eddyssey.""",Maurice Bowra titulierte es als “The Eddyssey.”,,
95,"Like Bauernschnapsen, trump cards keep their higher position.",Wie bei einem Bauernschnapser behalten auch die Trumpfkarten ihre erhöhte Stellung.,,
96,"She is married to Zalmay Khalilzad, the former U.S. Ambassador to the United Nations, Afghanistan and Iraq.","Sie ist mit Zalmay Khalilzad, dem ehemaligen US-amerikanischen Botschafter in Afghanistan, im Irak und bei den Vereinten Nationen, verheiratet.",,
97,"The Wessyngton (Washington) Family had not owned Washington Old Hall since the early 15th century when Sir William Mallory married Dionysia Tempest, the last Wessyngton heir at the Hall.","Die Wessyngton-(Washington)-Familie ist seit dem frühen 14. Jahrhundert nicht mehr im Besitz von Washington Old Hall, als Sir William Mallory Dionysia Tempest, die letzte Wessyington-Erbin, in der Hall heiratete.",,
98,IMDB: Der Schwarze Freitag,IMDB-Eintrag: Der schwarze Freitag,,
99,"According to Noam Chomsky, Carey pioneered the study of corporate propaganda.",Laut Noam Chomsky war Carey Vorreiter bei der Untersuchung von Unternehmenspropaganda.,,
100,"Earnhardt: Okay, just wondering.",In: Just Asked.,,
101,"Johann Buessow is section editor for the history of the Arab world from 1500 to the present of the Encyclopaedia of Islam Three (Brill, Leiden) and co-editor of the book series 'Studien zur Geschichte und Zeitgeschichte Westasiens und Nordafrikas' (LIT Verlag, Berlin u.a.).","Johann Büssow ist ''section editor for the history of the Arab world from 1500 to the present'' für die Encyclopaedia of Islam Three (Brill, Leiden u. a.) und Mitherausgeber der Schriftenreihe 'Studien zur Geschichte und Zeitgeschichte Westasiens und Nordafrikas' (LIT Verlag, Berlin u. a.).",,
102,It is the successor of the Goliath GD750 and the last German built three-wheeler truck.,Er löste den Goliath GD 750 ab und war der letzte in Deutschland gebaute dreirädrige Lastkraftwagen.,,
103,"Shatner's own production company, Lemli Productions, took a deal with Atlantis Films.","Shatners eigenes Produktionsunternehmen, Lemli Productions, schloss einen Vertrag mit Atlantis Films.",,
104,"Advertising and marketing firms have long used the insights and research methods of psychology in order to sell products, of course.","Werbung und Marketing bedienen sich schon lange psychologischer Erkenntnisse und Forschungsmethoden, um Produkte zu verkaufen.",,
105,"In a study, the industry association Bitkom calculated costs of around 530 million euros per year that Facebook and other social networks would have to bear.","Der Branchenverband Bitkom hatte in einer Studie Kosten von rund 530 Millionen Euro pro Jahr errechnet, die Facebook und andere soziale Netzwerke tragen müssten.",,
106,"Byzantine Emperor Alexius I Comnenus, not knowing what else to do with such an unusual and unexpected ""army"", quickly ferried all 30,000 across the Bosporus by 6 August.","Der byzantinische Kaiser Alexios I. Komnenos, der auch nicht wusste, was er mit einer derart unüblichen und unerwarteten „Armee“ machen sollte, ließ sie am 6. August schnell über den Bosporus setzen.",,
107,"Since the middle of the 1990s, Polsat has remained one of Poland's biggest television stations.",Seit Mitte der 90er Jahre gehört TV Polsat zu den größten polnischen Fernsehstationen.,,
108,"The FPI calls the whole Islamic Jihad movements to unite and work together in carrying out Shariah-based jihad without killing or mutilating civilians who are not involved in the war, whatever their Mazhab or religion is.","Die FPI ruft in der Deklaration alle islamischen Dschihad-Bewegungen dazu auf, sich zu vereinigen und sich gegenseitig bei der Ausführung des Scharia-gemäßen Dschihad zu unterstützen, ohne Zivilisten, die nicht am Krieg beteiligt sind, zu töten oder zu misshandeln, unabhängig von ihrem Madhhab und ihrer Religion.",,
109,"Together with a syndic, these officials and the directors formed the Collegiate Council.",Zusammen mit einem Syndikus bildeten diese Amtsträger und die Direktoren den Kollegiatsrat.,,
110,He eventually came out of hiding on 14 November to join a student protest at the University of the Punjab.,"Schließlich tauchte er am 14. November wieder auf, um Studentenproteste an der University of the Punjab in Gang zu bringen.",,
111,"Benth. & Hook., and Haloxylon recurvum sensu Bunge.",Benth. & Hook. und Haloxylon recurvum sensu Bunge.,,
112,The residence of the US Consul in Chengdu was damaged by fire and protestors tried to burn the consulate in Guangzhou.,Die Wohnung des US Konsuls in Chengdu wurde angezündet und Demonstranten versuchten das Konsulat in Guangzhou niederzubrennen.,,
113,"Under this treaty, Brunei accepted a British Resident to advise the Sultan on both external and internal affairs except those relating to Islam and Malay customs.","Unter diesem Vertrag akzeptierte Brunei einen British Resident, der als Ratgeber des Sultans für äußere und innere Angelegenheiten fungierte, außer in Angelegenheiten, die den Islam und Malaische Sitten betrafen.",,
114,"Cloppenburg, Museumsdorf, 1982- 1998, series: Materialien zur Volkskultur nordwestliches Niedersachsen, ed. by Helmut Ottenjann.","Cloppenburg, Museumsdorf, 1982–1998, Reihe: Materialien zur Volkskultur nordwestliches Niedersachsen, hrsg. von Helmut Ottenjann.",,
115,The castle and barony were eventually passed on to the Campbells of Loudoun and later to the Cunninghames (or Cunninghams/Cuninghames) of Kilmaurs.,"Burg und Baronat wurden später an die Campbells von Loudoun und noch später an die Cunninghames (oder Cunninghams, bzw. Cuninghames) von Kilmaurs übertragen.",,
116,"Around 2000 he began using several different guitars, not only steel-string acoustic, but also solid body electric guitars, semi-acoustic guitars, electrical baritone guitars, 12-string and classical guitars.","Seit Ende der 1990er begann er verschiedene Gitarren zu benutzen, nicht nur Stahlsaiten-Akustikgitarren, sondern auch solid body elektrische Gitarren, halbakustische Gitarren, elektrische Baritongitarren, 12-saitige Stahlsaitengitarren und klassische Gitarren.",,
117,"Kurier: Bilgeri-Tochter: ""Mama hat anfangs gelitten"".","Laura Bilgeri auf YouTube Kurier: Bilgeri-Tochter: ""Mama hat anfangs gelitten"".",,
118,"The sketches in his possession at his death, with a very few finished drawings and oil pictures, were sold at Christie's in March 1884, and brought upwards of 9,000 pounds.",Die in seinem Besitz befindlichen Skizzen und wenigen fertigen Zeichnungen und Ölbilder wurden im März 1884 bei Christie’s versteigert und erzielten mehr als 9.000 pounds.,,
119,"Oscar Wilsdorf, Gräfin Cosel – Ein Lebensbild aus der Zeit des Absolutismus.",Oscar Wilsdorf: Gräfin Cosel – Ein Lebensbild aus der Zeit des Absolutismus.,,
120,"At times, other people also lived in the premises of Kommune 1, such as Dagmar von Doetinchem and Gertrud Hemmer (""Agathe"").","Zeitweilig wohnten auch noch weitere Personen in den Räumlichkeiten der Kommune I, so z. B. Dagmar von Doetinchem und Gertrud Hemmer („Agathe“).",,
121,The outflow of the Wiener Neustädter Canal was accomplished by the installation of a siphon.,Der Abfluss des Wiener Neustädter Kanals wurde durch die Anlage eines Siphons bewerkstelligt.,,
122,"He is considered a live act and not a DJ, since he uses elements of his own productions to create his sets, as well as tracks that he has remixed.","Er gilt als Live-Act und nicht als DJ, da er Elemente seiner eigenen Produktionen für seine Sets verwendet, sowie von ihm produzierte Remixe.",,
123,"This change in support could also have been influenced by the presence of 30,000 Tunisians working in Libya at the time and helping the Tunisian economy.","Bourguibas Umdenken könnte auch daran gelegen haben, dass 30.000 Tunesier in Libyen arbeiteten und damit die Wirtschaft Tunesiens unterstützten.",,
124,"Yasmin K. – Angel of Darkness"".",Yasmin K. - „Angel Of Darkness“).,,
125,His younger brother was Houston Stewart Chamberlain.,Sein jüngster Bruder war Houston Stewart Chamberlain.,,
126,"Rosatom offered a two VVER-1200 reactor power plant, increasing output to 2.4 GWe.","Rosatom bot zudem zwei WWER-1200 Kernkraftwerke an, die die Kapazität auf 2,4 GW erhöhen würden.",,
127,6000 Armenians Killed.,Sie töteten 6.000 Armenier.,,
128,She was co-editor of the journal Kirche und Israel (during 1986-1993) and of the issue Arbeiten zur kirchlichen Zeitgeschichte.,Sie war Mitherausgeberin der Zeitschrift Kirche und Israel (von 1986 bis 1993) und der Reihe Arbeiten zur kirchlichen Zeitgeschichte.,,
129,Marie in present-day Michigan.,Marie im heutigen Michigan.,,
130,"The architectural writer and Chairman of the National Trust Simon Jenkins considered the house, ""undistinguished"".",Der Architekturautor und Vorsitzende des National Trust Simon Jenkins hielt das Haus für „gewöhnlich“.,,
131,Adrian von Arburg (in German): Die Festlegung der Staatsgrenze zwischen der Tschechoslowakei und Deutschland nach dem Münchener Abkommen 1938.,Adrian von Arburg: Die Festlegung der Staatsgrenze zwischen der Tschechoslowakei und Deutschland nach dem Münchener Abkommen 1938.,,
132,New York Times: Confess Killing Fliers: Germans on Trial in Naples for Murder of Americans.,Abgerufen am 24. März 2018 New York Times: Confess Killing Fliers: Germans on Trial in Naples for Murder of Americans.,,
133,That main entrance is reached by a set of granite steps.,Dieser Haupteingang wird durch einige Granittreppenstufen erreicht.,,
134,UK Games Expo.,In: UK Games Expo.,,
135,"In one lecture, Levada had asserted that tanks could not change ideologies, a reference to the Soviet Union's 1968 invasion of Czechoslovakia.","In einer seiner Vorlesungen sagte Lewada, dass Panzer keine Ideologien ändern könnten, was auf die sowjetische Invasion in der Tschechoslowakei 1968 anspielte.",,
136,"This meant, for example, that from 7:00 pm all trains have attendants.",So sind beispielsweise ab 19 Uhr alle Züge mit Zugbegleitern besetzt.,,
137,Warnstedt was incorporated in 2003.,Warnstedt wurde 2003 eingemeindet.,,
138,"Scorpion Down: Sunk by the Soviets, Buried by the Pentagon: The Untold Story of the USS Scorpion.","Ed Offley: Scorpion Down: Sunk by the Soviets, Buried by the Pentagon: The Untold Story of the USS Scorpion (englisch), 2007.",,
139,"Some authors also propose codas /wŋ/ and /wk/, based on the separate treatment of certain rhyme classes in the dictionaries.","Einige Autoren schlagen auch die Codas /wŋ/ und /wk/ vor, basierend auf der getrennten Behandlung von verschiedenen Reimklassen in den Wörterbüchern.",,
140,"Neither the Spartans nor the Persians could do anything about this, as they had done ten years earlier.","Gegen ihn konnte nun weder Sparta noch Persien vorgehen, wie es zehn Jahre zuvor noch sicher geschehen wäre.",,
141,"From 1986 to 1995, he worked for the Belgian government, as chief of staff of the deputy prime minister and various ministries.",Von 1986 bis 1995 arbeitete er für die belgische Regierung als Stabschef des Vize-Premierministers und verschiedener Ministerien.,,
142,Possibly the space was involved in these ceremonies.,Möglicherweise war der Raum in diese Zeremonie involviert.,,
143,"In Tropic of Chaos: Climate Change and the New Geography of Violence (2011), Parenti links the implications of climate change with social and political unrest in mid-latitude regions of the world.","In seinem neuesten Werk Tropic of Chaos: Climate Change and the New Geography of Violence (2011) (deutsch: Im Wendekreis des Chaos – Klimawandel und die neue Geografie der Gewalt, Laika 2013) untersucht Parenti die Zusammenhänge des Klimawandels mit sozialen und politischen Unruhen in den mittleren Klimazonen der Welt.",,
144,"Moreell personally furnished them with their official motto: Construimus, Batuimus – ""We Build, We Fight.""","Ihr Motto lautet Construimus, Batuimus (We Build, We Fight).",,
145,Günter Schenk: Die Mainzer Johannisnacht. in: Mainz.,Günter Schenk: Die Mainzer Johannisnacht.,,
146,"Frank Stephenson (born 4th October 1959) is an American automobile designer widely known for his design work at Mini, Fiat, Alfa Romeo, Ferrari and McLaren.","Frank Stephenson (* 3. Oktober 1959) ist ein US-amerikanischer Autodesigner, der für seine Designarbeiten bei Mini, Fiat, Alfa Romeo, Ferrari und McLaren bekannt ist.",,
147,"In 1930, Ward finally gave his official resignation, and Forbes became Prime Minister.",1930 trat Ward offiziell als Premier zurück und Forbes wurde Premier.,,
148,"In the 1944 anti-Nazi film The Hitler Gang, she played the wife of Ernst Hanfstaengl.",In dem Anti-Nazifilm The Hitler Gang verkörperte sie die Ehefrau von Ernst Hanfstaengl.,,
149,"Omak High School, built in 1919, had a 2010–11 enrollment of 435 students, while the Omak Alternative High School had an enrollment of 48 students.","Die Omak High School, erbaut 1919, besuchten im Jahr 2010/11 435 Schüler, während die Omak Alternative High School 48 Schüler hatte.",,
150,This abbreviation stands for Russia France Racing or Russian Force Racing.,RFR ist eine Abkürzung für Russia France Racing bzw. Russian Force Racing.,,
151,"A religious reform is always a reorientation at the historical beginnings of a religion (therefore: re-formare, reconstruct) under the perspective of the present time and with the knowledge of the present time.","Eine religiöse Reform ist immer eine Neuorientierung an den Anfängen der Religion (deshalb: re-formare, wiederherstellen) unter der Perspektive der Gegenwart und mit dem Wissen der Gegenwart.",,
152,Marc Savlov of The Austin Chronicle named it the 8th best film of 2007.,Marc Savlov von The Austin Chronicle bewertete ihn als den achtbesten Film des Jahres 2007.,,
153,"Becker, Joachim: Aus ""de grise Gegend"" von Mecklenburg-Schwerin, Verl.","Becker, Joachim: Aus „de grise Gegend“ von Mecklenburg-Schwerin, Verl.",,
154,"Genesis II was launched on 28 June 2007, and there are plans for additional prototypes to be launched in preparation for the production model BA 330 spacecraft.","Genesis 2 wurde am 28. Juni 2007 gestartet, und es gibt Pläne für weitere Prototypen zur Vorbereitung der entfaltbaren Raumstation BA 330.",,
155,"In 28.12.2008 he was arrested and tortured by Guangdong police, because he sent out flyers of democracy with Li Tie, Yang yong and other activists.","Am 28. Dezember 2008 nahm ihn die Polizei in Guangdong fest und folterte ihn, da er mit Li Tie, Yang Yong und anderen Aktivisten Flugblätter mit demokratischem Inhalt verschickt hatte.",,
156,Together with his PhD student Konstantinos Fostiropoulos and with Donald Huffman from the University of Arizona he developed a procedure for the synthesis of fullerenes.,Zusammen mit seinem Doktoranden Konstantinos Fostiropoulos und mit Donald Huffman von der University of Arizona entwickelte er ein Verfahren zur Synthese von Fullerenen.,,
157,"In this situation, Isabella and her husband were willing to submit to the French Crown.","In dieser Situation waren Isabelle und ihr Ehemann bereit, sich der französischen Krone zu unterwerfen.",,
158,"The twelve project teams could use the knowledge and experience from 200 trainers, marketing experts, product designers and engineers to further develop their prototype in five weeks.","Die 12 Projekte konnten auf das Wissen und Erfahrung von insgesamt 200 Trainer, Marketing-Fachleuten, Produktentwickler, Designer und Programmierer zurückgreifen, um ihr Produkt in den 5 Wochen weiter zu entwickeln.",,
159,Diana Cooper: The Biography of Lady Diana Cooper.,Lady Diana Cooper: Die Memoiren der Lady Diana Cooper.,,
160,"Tractors and other farm machinery, the company produces under another subsidiary.",Traktoren und andere Landmaschinen produziert das Unternehmen unter einer weiteren Tochtergesellschaft.,,
161,This ultimately led to the area being characterized on the one hand by horizontal surfaces and on the other by slopes.,"Dies führte letztlich dazu, dass der Raum einerseits durch horizontale Flächen, andererseits durch Hänge geprägt ist.",,
162,"Only 3.5 percent of service providers were entirely privately owned (no figures are available on companies with mixed ownership, an increasingly prevalent form of ownership).","Nur 3,5 % der Trinkwasserversorger sind in privatem Eigentum (es sind keine Angaben verfügbar über den Anteil der Unternehmen in gemischtem Eigentum, eine zunehmend häufigere Form des Eigentums).",,
163,"Colin Meloy plays Henry Stowecroft, a student who represents the United States in the school's Model UN.","Colin Meloy verkörpert Henry Stowecroft, einen Studenten, der die Vereinigten Staaten in den schulinternen Model United Nations repräsentiert.",,
164,"His motto was, ""sharpen your bayonet"".",Sein Leitspruch lautete „sharpen your bayonet“.,,
165,Washington's answer to this and two other letters of apology written by Nicola on May 24 and 28 are not known.,Antworten Washingtons auf diesen und zwei weitere Entschuldigungsbriefe Nicolas vom 24. und 28. Mai 1782 sind nicht überliefert.,,
166,1998: Broadcasting of Tele24 began 1999: An investment fund of Credit Suisse First Boston bought 40% of Belcom Holding AG and thereby became an indirect owner of Tele24.,1998: Sendestart von Tele24 1999: Ein Fonds der Credit Suisse First Boston beteiligt sich mit 40 % an der Belcom Holding AG und damit indirekt auch an Tele24.,,
167,The two left Vermont in the winter of 1810-11.,Die beiden verließen Vermont im Winter 1810–1811.,,
168,"It is possible that Sir David Lyndsay, who wrote Ane Pleasant Satyre of the Thrie Estaitis was born in an earlier building at this site, in 1486.","Möglicherweise wurde Sir David Lindsay, der Ane Pleasant Satyre of the Thrie Estaitis schrieb, 1486 in einem früheren Gebäude an derselben Stelle geboren.",,
169,The following year he played only two tournaments and in 1995-96 only the pre-qualification of the World Snooker Championship.,Im Jahr darauf spielte er nur noch zwei Turniere und 1996/96 nur noch die Vorqualifikation der Weltmeisterschaft.,,
170,F. W. Bessel: Untersuchungen über die scheinbare und wahre Bahn des im Jahre 1807 erschienenen grossen Kometen.,F.W. Bessel: Untersuchungen über die scheinbare und wahre Bahn des im Jahre 1807 erschienenen großen Kometen.,,
171,SKOT-WPT (wóz pogotowia technicznego) - Technical support vehicle with a light crane.,SKOT-WPT („wóz pogotowia technicznego“) – Technisches Unterstützungsfahrzeug mit einem leichten Kran.,,
172,Filmgalerie451.de.,In: filmgalerie451.de.,,
173,Aviva Investors has £289.9 billion assets under management.,Aviva Investors hat Vermögen im Wert von 289 Mio. £ unter Verwaltung.,,
174,Wilhelm Schlombs was born on 24 April 1920 in Cologne.,Wilhelm Schlombs wurde am 24. April 1920 in Köln geboren.,,
175,The focus of the series is the eponymous porn film production company Xanadu of the Valadine family.,Im Mittelpunkt der Serie steht die titelgebende Pornofilm-Produktionsfirma Xanadu der Familie Valadine.,,
176,"In the house, the maid must have been killed first, then Josef.","Im Haus dürfte zunächst die Magd getötet worden sein, zum Schluss dann Josef.",,
177,"The second installment of the CODE_n innovation contest ran in 2013 under the slogan: ""Smart Solutions for Global Challenges"".",Die zweite Ausgabe des Code_n-Innovationswettbewerbs stand unter dem Motto „Smart Solutions for Global Challenges“.,,
178,From 1975 to 1980 he was Deputy Chairman of the Advisory Council of the Export Credits Guarantee Department (ECGD).,Von 1975 bis 1980 war er stellvertretender Vorsitzender (Deputy Chairman) des Beirates (Advisory Council) des Export Credits Guarantee Department (ECGD).,,
179,Both the pilot and weapon systems officer (WSO) were killed.,Sowohl der Pilot als auch der Waffensystemoffizier (WSO) wurden dabei getötet.,,
180,"In the 1950s, Bober met François Truffaut and became his assistant for the films 400 Blows (1959), Shoot the Piano Player (1960), and Jules and Jim (1962).","In den 1950er Jahren traf Bober François Truffaut und wurde sein Assistent in den Filmen Les Quatre Cents Coups (1959), Tirez sur le pianiste (1960) und Jules et Jim (1962).",,
181,"In February 2012, the 5 millionth Jimdo site went online and in November 2013, the 10 millionth.","Im Februar 2012 ging die 5.000.000ste Jimdo-Seite online, im November 2013 die 10.000.000ste.",,
182,Tennessee-Tombigbee Waterway Development Authority.,Außerdem stand er der Tennessee-Tombigbee Waterway Authority vor.,,
183,"Each people, the German one as well, has a natural right to the preservation of its identity and character in its residential territory.","Jedes Volk, auch das deutsche Volk, hat ein Naturrecht auf Erhaltung seiner Identität und Eigenart in seinem Wohngebiet.",,
184,The further development or dissipation of the fire.,Einen Grubenbrand gewältigen ist das Löschen oder Ersticken des Feuers.,,
185,"By the end of August 2015, Besson said in an RTL radio interview that shooting the film in France was too expensive.","Ende August 2015 erklärte Besson in einem Radiointerview mit RTL, es sei sehr teuer gewesen, den Film in Frankreich zu drehen.",,
186,Monographs Die Goldgräber Kaliforniens.,Monografien Die Goldgräber Kaliforniens.,,
187,Several tales also sprung up around Boiditzes and his betrayal.,Mehrere Erzählungen entstanden im Laufe der Zeit über Boiditzes und seinen Verrat.,,
188,"""Zombies Need Love Too!","""Auch Zombies brauchen Liebe.",,
189,"It is the third installment in the Mission: Impossible film series, following 2000's Mission: Impossible 2.",Es handelt sich um den dritten Teil innerhalb der Mission-Impossible-Filmreihe und um den Nachfolger von Mission: Impossible II aus dem Jahr 2000.,,
190,"In the same year, Michael Niedermayr from Altenbeuern acquired the Rosenheimer Anzeiger, which appeared in 1875 as a daily newspaper.","Im gleichen Jahr erwarb Michael Niedermayr aus Altenbeuern den Rosenheimer Anzeiger, der ab 1875 als Tageszeitung erschien.",,
191,"In 1998, Harris was convicted of assault and jail-breaking by forcibly freeing three of his relatives from the Nauru Police lock-up with the help of two accomplices.",1998 wurde Harris der gewaltsamen Befreiung dreier Verwandter aus dem Gefängnis der Nauru Police mit der Hilfe von zwei Komplizen überführt.,,
192,"Stone was a founding member of the National Association of Rudimental Drummers (NARD) which began in 1933, and served as its president for fifteen years.","Stone war eines der Gründungsmitglieder der 1933 gegründeten National Association of Rudimental Drummers (NARD), in der er 15 Jahre den Vorsitz hatte.",,
193,The improvement of mechanical properties and thermal stability is and has always been an important goal in the research of new plastics.,Die Verbesserung von mechanischen Eigenschaften und Temperaturbeständigkeit ist seit jeher ein wichtiges Ziel bei der Erforschung neuer Kunststoffe.,,
194,"In 2015 LG introduced what is probably the lightest 14"" laptop, weighing 0.98 kilograms (2.2 lb), less than an 11.6"" MacBook Air.","Anfang 2015 stellte LG den bisher leichtesten 14""-Laptop vor, der mit seinen 0,98 kg leichter als ein 11.6"" MacBook Air ist.",,
195,"Symantec also released hot fixes for the pcAnywhere versions, 12.5.x and 12.6.x, bundled with Symantec Management Suites.","Symantec hat auch Hotfixes für die pcAnywhere-Versionen 12.5.x und 12.6.x veröffentlicht, die mit Symantec Management Suites gebündelt waren.",,
196,Proceedings of the AIAA/USU Conference on Small Satellites.,In: Proceedings of the AIAA/USU Conference on Small Satellites (2013).,,
197,"In a regional variant the caller's partner can announce ""Schnapser together"" (Schnapser zusammen) which may win 6 points.","In einer regionalen Variante kann der Spielpartner des Rufers einen „Schnapser zusammen“ ansagen, der sechs Punkte bringt.",,
198,January 17 – The United States takes possession of Wake Island.,17. Januar: Die USA ergreifen Besitz von Wake Island.,,
199,"The original plan may never have been finished, and by 1558 it is likely only the southern tower remained.",Die ursprünglichen Pläne wurden vermutlich nie realisiert und 1558 war nur noch der südliche Turm übriggeblieben.,,
