id,system,src,ref,hyp,error_category,notes
631,opus-mt-en-de,Vatican City's population is around 800. It is the smallest independent country in the world and the country with the lowest population.,Die Vatikanstadt hat circa 800 Einwohner. Es ist der kleinste unabhängige Staat der Welt und das Land mit der kleinsten Bevölkerungszahl.,Die Bevölkerung der Vatikanstadt beträgt rund 800. Es ist das kleinste unabhängige Land der Welt und das Land mit der niedrigsten Bevölkerung.,,
634,opus-mt-en-de,All citizens of Vatican City are Roman Catholic.,Alle Bürger von Vatikan-Stadt sind römisch-katholisch.,Alle Bürger der Vatikanstadt sind römisch-katholisch.,,
963,opus-mt-en-de,"It has a notably wide variety of plant communities, due to its range of microclimates, differing soils and varying levels of altitude.","Er verfügt dank seiner zahlreichen Mikroklimas, verschiedener Böden und abwechselnder Höhenlagen über eine bemerkenswert große Vielfalt an Pflanzengesellschaften.","Es hat eine besonders große Vielfalt von Pflanzengemeinschaften, aufgrund seiner Palette von Mikroklimaten, unterschiedlichen Böden und unterschiedlichen Höhen.",,
625,opus-mt-en-de,The Amazon River is the second longest and the biggest river on Earth. It carries more than 8 times as much water as the second biggest river.,Der Amazonas ist der zweitlängste und der wasserreichste Fluss der Erde. Er führt mehr als achtmal so wie Wasser wie der zweitgrößte Strom.,Der Amazonas ist der zweitälteste und größte Fluss der Erde. Er trägt mehr als 8 Mal so viel Wasser wie der zweitgrößte Fluss.,,
365,opus-mt-en-de,"Lion prides act much like packs of wolves or dogs, animals surprisingly similar to lions (but not other big cats) in behavior, and also very deadly to their prey.","Löwenrudel agieren ähnlich wie Wolfs- oder Hunderudel, Tiere, die den Löwen (aber nicht anderen Großkatzen) im Verhalten überraschend ähneln und ebenso tödlich gegenüber ihrer Beute sind.","Löwenstolzen verhalten sich wie Wölfe oder Hunde, Tiere, die überraschend ähnlich sind wie Löwen (aber nicht andere große Katzen) im Verhalten, und auch sehr tödlich für ihre Beute.",,
720,opus-mt-en-de,It was one of the major stops during Henry Louis Gates' PBS special Wonders of the African World.,Es war einer der wichtigsten Stationen von Louis Gates PBS-Spezial „Wonders of the African World“.,Es war einer der wichtigsten Stationen während Henry Louis Gates' PBS Special Wonders of the African World.,,
750,opus-mt-en-de,Argentina is well known for having one of the best polo teams and players in the world.,"Argentinien ist bekannt dafür, dass sein Polo-Team und die Spieler zu den besten der Welt gehören.",Argentinien ist bekannt für eine der besten Polo-Teams und Spieler der Welt.,,
533,opus-mt-en-de,Sleep interruption is the process of purposefully awakening during your normal sleep period and falling asleep a short time later (10–60 minutes).,Schlafunterbrechnung ist der Prozess des zielgerichteten Aufwachens während der normalen Schlafperioden und des Einschlafens kurze Zeit (10-60 Minuten) später.,Schlafunterbrechung ist der Prozess des absichtlichen Erwachens während Ihrer normalen Schlafperiode und des Einschlafens eine kurze Zeit später (10–60 Minuten).,,
519,opus-mt-en-de,"For example, “learning” and “socialization” are suggested as important motivations for Internet use (James et al., 1995).","Beispielsweise werden „Lernen“ und „Sozialisation“ als wichtige Motivationen für die Internetnutzung vorgebracht (James et al., 1995).","Als wichtige Motivationen für die Nutzung des Internets werden z.B. das Lernen und die Sozialisierung vorgeschlagen (James et al., 1995).",,
70,opus-mt-en-de,"After a week of losses in the midterm election, Bush told an audience about the expansion of trade in Asia.",Nach einer Woche voller Verluste in der Zwischenwahl erzählte Bush dem Publikum von der Ausweitung des Handels in Asien.,Nach einer Woche Verlust bei der Halbzeitwahl erzählte Bush einem Publikum von der Ausweitung des Handels in Asien.,,
945,opus-mt-en-de,The village of Haldarsvík offer views of the nearby island Eysturoy and has an unusual octagonal church.,Das Dorf Haldarsvík bietet Aussichten auf die nahegelegene Insel Eysturoy und hat eine ungewöhnliche achteckige Kirche.,Das Dorf Haldarsvík bietet einen Blick auf die nahegelegene Insel Eysturoy und verfügt über eine ungewöhnliche achteckige Kirche.,,
436,opus-mt-en-de,It states that the most effective place for the main subject is at the intersection of lines dividing the image into thirds vertically and horizontally (see example).,"Sie besagt, dass der Kreuzungspunkt der Linien, die ein Bild vertikal und horizontal dritteln, der effektivste Platz für das Hauptmotiv ist (siehe Beispiel).","Sie besagt, dass der effektivste Ort für das Hauptthema an der Kreuzung von Linien liegt, die das Bild vertikal und horizontal in Drittel teilen (siehe Beispiel).",,
958,opus-mt-en-de,"Regular announcements in the Metro are made only in Catalan, but unplanned disruptions are announced by an automated system in a wide variety of languages including Spanish, English, French, Arabic and Japanese.","Normale Durchsagen erfolgen in der Metro ausschließlich auf Katalanisch, aber unvorhergesehene Störungen werden von einem automatisierten System in einer Vielzahl von Sprachen gemeldet, darunter Spanisch, Englisch, Französisch, Arabisch und Japanisch.","Regelmäßige Ankündigungen in der Metro werden nur auf Katalanisch gemacht, aber ungeplante Störungen werden durch ein automatisiertes System in einer Vielzahl von Sprachen angekündigt, einschließlich Spanisch, Englisch, Französisch, Arabisch und Japanisch.",,
440,opus-mt-en-de,One of the main Christian tenets is that wealth should be used to alleviate suffering and poverty and that the monetary funds of the church are there specifically for that reason.,"Einer der wichtigen christlichen Glaubenssätze besagt, dass Vermögen zur Linderung von Leid und Armut eingesetzt werden soll und dass es die Geldmittel der Kirchen genau aus diesem Grund gibt.","Einer der wichtigsten christlichen Grundsätze ist, dass Reichtum verwendet werden sollte, um Leiden und Armut zu lindern und dass die monetären Mittel der Kirche gibt es speziell aus diesem Grund.",,
249,opus-mt-en-de,NHK also reported that the Kashiwazaki Kariwa nuclear power plant in Niigata prefecture was operating normally.,"Die NHK berichtete zudem, dass das Atomkraftwerk von Kashiwazaki Kariwa in der Präfektur Niigata normal in Betrieb war.","NHK berichtete auch, dass das Kernkraftwerk Kashiwazaki Kariwa in der Präfektur Niigata normal betrieben wurde.",,
615,opus-mt-en-de,"Fortunately, drivers tend to behave within a reasonably consistent range; thus, traffic streams tend to have some reasonable consistency and can be roughly represented mathematically.","Glücklicherweise neigen Autofahrer dazu, sich einigermaßen konsistent zu verhalten; daher haben Verkehrsströme eine gewisse Konstanz und lassen sich mathematisch grob darstellen.","Glücklicherweise verhalten sich die Fahrer meist in einem einigermaßen konsistenten Bereich, so dass Verkehrsströme eine gewisse vernünftige Konsistenz aufweisen und grob mathematisch dargestellt werden können.",,
644,opus-mt-en-de,"Sadly, as newer methods of writing have emerged, the pencil has been relegated to lesser status and uses.","Leider ist der Bleistift mit dem Aufkommen neuerer Schreibmethoden in den Hintergrund getreten, so dass er in seinem Status und in seiner Verwendung zurückgedrängt wurde.","Leider, da neuere Methoden des Schreibens entstanden sind, wurde der Bleistift zu weniger Status und Verwendungen abgeschoben.",,
552,opus-mt-en-de,"At the same time, the German navy, using mainly U-boats, was trying to stop this traffic.",Gleichzeitig versuchte die deutsche Marine diesen Verkehr hauptsächlich mit U-Booten aufzuhalten.,"Gleichzeitig versuchte die deutsche Marine, hauptsächlich U-Boote zu benutzen, diesen Verkehr zu stoppen.",,
549,opus-mt-en-de,Using ships to transport goods is by far the most efficient way to move large amounts of people and goods across oceans.,Der Einsatz von Schiffen für den Gütertransport ist die bei weitem effizienteste Methode zum Transport großer Menschen- und Gütermengen über die Ozeane.,"Der Einsatz von Schiffen zum Transport von Gütern ist bei weitem der effizienteste Weg, um große Mengen von Menschen und Gütern über die Ozeane zu transportieren.",,
101,opus-mt-en-de,"However, the percentage of XDR-TB in the entire group of people with tuberculosis still seems to be low; 6,000 of the total 330,000 people infected at any particular moment in South Africa.","Trotzdem ist der Anteil an XDR-TB in der gesamten Gruppe der Leute mit Tuberkulose offenbar dennoch gering; 6.000 der insgesamt 330.000 Leute, die in Südafrika zu einem bestimmten Zeitpunkt angesteckt sind.",Allerdings scheint der Anteil der XDR-TB in der gesamten Gruppe von Tuberkulose-Betroffenen noch gering zu sein; 6.000 der insgesamt 330.000 Menschen infizierten sich zu jedem bestimmten Zeitpunkt in Südafrika.,,
265,opus-mt-en-de,"The bill requires violent video games sold in the state of California to be labeled with a decal reading ""18"" and makes their sale to a minor punishable by a fine of $1000 per offense.","Der Gesetzesvorschlag sieht vor, dass im Bundesstaat Kalifornien verkaufte Videospiele mit einem Aufkleber mit der Zahl „18“ versehen werden und der Verkauf an Minderjährige mit einer Geldbuße von 1000 $ bestraft wird.","Die Rechnung erfordert gewalttätige Videospiele, die im Bundesstaat Kalifornien verkauft werden, um mit einem Decal-Lesezeichen ""18"" gekennzeichnet zu werden und macht ihren Verkauf an einen Minderjährigen strafbar mit einer Geldstrafe von $1000 pro Straftat.",,
731,opus-mt-en-de,"This is the place the British colonisers took as their own and so if you are looking for evidence of the territory's colonial past, this is a good place to start.","Das ist der Ort, den sich die britischen Kolonisten zu eigen gemacht haben. Wenn Sie nach Spuren der kolonialen Vergangenheit des Gebiets suchen, ist dies ein guter Ausgangspunkt.","Dies ist der Ort, den die britischen Kolonisatoren als ihre eigenen genommen haben, und wenn Sie also nach Beweisen für die koloniale Vergangenheit des Territoriums suchen, ist dies ein guter Anfang.",,
213,opus-mt-en-de,"During the 1980s he worked on shows such as Taxi, Cheers, and The Tracy Ullman Show.","In den 1980er Jahren arbeitete er an Shows wie „Taxi“, „Cheers“ und „Die Tracey Ullman Show“.","In den 1980er Jahren arbeitete er an Shows wie Taxi, Cheers und The Tracy Ullman Show.",,
604,opus-mt-en-de,"Nature-based tourism attracts people interested in visiting natural areas for the purpose of enjoying the scenery, including plant and animal wildlife.","Naturnaher Tourismus zieht Leute an, die daran interessiert sind, Naturgebiete zu besuchen, um die Landschaft zu genießen, einschließlich der wilden Pflanzen und Tiere.","Naturbasierter Tourismus zieht Menschen an, die an einem Besuch von Naturgebieten interessiert sind, um die Landschaft, einschließlich Pflanzen- und Tierwelt, zu genießen.",,
597,opus-mt-en-de,"Periodic rhythms, which are not simply responses to external periodic cues, have been documented for most living beings, including bacteria, fungi, plants, and animals.","Von einem Zyklus bestimmte Verhaltensweisen, die nicht nur Reaktionen auf Zeichen von äußeren Zyklen sind, sind bei den meisten Lebewesen bekannt, auch bei Bakterien, Pilzen, Pflanzen und Tieren.","Für die meisten Lebewesen, darunter Bakterien, Pilze, Pflanzen und Tiere, wurden periodische Rhythmen dokumentiert, die nicht nur Reaktionen auf äußere periodische Stichworte sind.",,
254,opus-mt-en-de,Three more bombs exploded near government buildings in a period of two hours.,Drei weitere Bomben detonierten binnen zwei Stunden unweit von Regierungsgebäuden.,Drei weitere Bomben explodierten in der Nähe von Regierungsgebäuden in zwei Stunden.,,
830,opus-mt-en-de,Posted speed limits are noticeably lower than in previous and subsequent sections — commonly 35-40 mph (56-64 km/h) — and strict obedience to them is even more important than otherwise.,Die angegebenen Geschwindigkeitsbegrenzungen sind merklich niedriger als in den vorhergehenden und nachfolgenden Abschnitten - in der Regel 35-40 mph (56-64 km/h) - und ihre strikte Einhaltung ist noch wichtiger als sonst.,Gepostete Geschwindigkeitsbegrenzungen sind deutlich niedriger als in früheren und nachfolgenden Abschnitten — häufig 35-40 mph (56-64 km/h) — und strenger Gehorsam ist ihnen noch wichtiger als sonst.,,
289,opus-mt-en-de,"Professor Pamela Ferguson of the University of Dundee notes ""journalists do seem to be walking a dangerous line if publishing photos etc of suspects.""","Professorin Pamela Ferguson von der University of Dundee merkt an: „Journalisten scheinen eine gefährliche Grenze zu überschreiten, wenn Sie Fotos usw. von Verdächtigen veröffentlichen.“","Professorin Pamela Ferguson von der University of Dundee bemerkt: ""Journalisten scheinen eine gefährliche Linie zu gehen, wenn sie Fotos etc. von Verdächtigen veröffentlichen.""",,
554,opus-mt-en-de,"Goats seem to have been first domesticated roughly 10,000 years ago in the Zagros Mountains of Iran.",Ziegen wurden anscheinend bereits vor ungefähr 10.000 Jahren im Zāgros-Gebirge im Iran domestiziert.,Ziegen scheinen vor etwa 10.000 Jahren im Zagros-Gebirge des Iran erstmals domestiziert worden zu sein.,,
889,opus-mt-en-de,"Due to the underwater topology the return flow is concentrated at a few deeper sections, and a fast current to deep water may form there.",Wegen der Unterwassertopologie konzentriert sich der Rückfluss in wenigen tieferen Bereichen und eine schnelle Strömung bis hin zu tiefem Wasser kann sich dort bilden.,"Durch die Unterwassertopologie wird der Rückfluss in ein paar tieferen Abschnitten konzentriert, und es kann sich dort ein schneller Strom zu tiefem Wasser bilden.",,
631,NLLB-200-600M,Vatican City's population is around 800. It is the smallest independent country in the world and the country with the lowest population.,Die Vatikanstadt hat circa 800 Einwohner. Es ist der kleinste unabhängige Staat der Welt und das Land mit der kleinsten Bevölkerungszahl.,Die Bevölkerung der Vatikanstadt beträgt etwa 800 Einwohner. Es ist das kleinste unabhängige Land der Welt und das Land mit der geringsten Bevölkerung.,,
634,NLLB-200-600M,All citizens of Vatican City are Roman Catholic.,Alle Bürger von Vatikan-Stadt sind römisch-katholisch.,Alle Bürger der Vatikanstadt sind römisch-katholisch.,,
963,NLLB-200-600M,"It has a notably wide variety of plant communities, due to its range of microclimates, differing soils and varying levels of altitude.","Er verfügt dank seiner zahlreichen Mikroklimas, verschiedener Böden und abwechselnder Höhenlagen über eine bemerkenswert große Vielfalt an Pflanzengesellschaften.","Es hat insbesondere eine große Vielfalt an Pflanzengemeinschaften aufgrund seiner Vielfalt an Mikroklimaten, unterschiedlichen Böden und unterschiedlichen Höhenniveaus.",,
625,NLLB-200-600M,The Amazon River is the second longest and the biggest river on Earth. It carries more than 8 times as much water as the second biggest river.,Der Amazonas ist der zweitlängste und der wasserreichste Fluss der Erde. Er führt mehr als achtmal so wie Wasser wie der zweitgrößte Strom.,Der Amazonas ist der zweitlängste und größte Fluss der Erde und trägt mehr als achtmal so viel Wasser wie der zweitgrößte Fluss.,,
365,NLLB-200-600M,"Lion prides act much like packs of wolves or dogs, animals surprisingly similar to lions (but not other big cats) in behavior, and also very deadly to their prey.","Löwenrudel agieren ähnlich wie Wolfs- oder Hunderudel, Tiere, die den Löwen (aber nicht anderen Großkatzen) im Verhalten überraschend ähneln und ebenso tödlich gegenüber ihrer Beute sind.","Löwenprügel verhalten sich wie Hunde oder Wölfe, Tiere, die sich verblüffend wie Löwen (aber nicht wie andere große Katzen) verhalten und auch sehr tödlich für ihre Beute sind.",,
720,NLLB-200-600M,It was one of the major stops during Henry Louis Gates' PBS special Wonders of the African World.,Es war einer der wichtigsten Stationen von Louis Gates PBS-Spezial „Wonders of the African World“.,Es war eine der wichtigsten Haltestellen während der PBS-Special Wonders of the African World von Henry Louis Gates.,,
750,NLLB-200-600M,Argentina is well known for having one of the best polo teams and players in the world.,"Argentinien ist bekannt dafür, dass sein Polo-Team und die Spieler zu den besten der Welt gehören.",Argentinien ist bekannt für eine der besten Polo-Teams und Spieler der Welt.,,
533,NLLB-200-600M,Sleep interruption is the process of purposefully awakening during your normal sleep period and falling asleep a short time later (10–60 minutes).,Schlafunterbrechnung ist der Prozess des zielgerichteten Aufwachens während der normalen Schlafperioden und des Einschlafens kurze Zeit (10-60 Minuten) später.,"Eine Unterbrechung des Schlafes ist der Prozess, wenn man während der normalen Schlafphase absichtlich erwacht und kurz später (1060 Minuten) einschläft.",,
519,NLLB-200-600M,"For example, “learning” and “socialization” are suggested as important motivations for Internet use (James et al., 1995).","Beispielsweise werden „Lernen“ und „Sozialisation“ als wichtige Motivationen für die Internetnutzung vorgebracht (James et al., 1995).","Zum Beispiel werden Learning und Sozialisierung als wichtige Motivationen für die Nutzung des Internets vorgeschlagen (James et al., 1995).",,
70,NLLB-200-600M,"After a week of losses in the midterm election, Bush told an audience about the expansion of trade in Asia.",Nach einer Woche voller Verluste in der Zwischenwahl erzählte Bush dem Publikum von der Ausweitung des Handels in Asien.,Nach einer Woche Verlusten bei den Mittelfristigen Wahlen erzählte Bush einem Publikum von der Expansion des Handels in Asien.,,
945,NLLB-200-600M,The village of Haldarsvík offer views of the nearby island Eysturoy and has an unusual octagonal church.,Das Dorf Haldarsvík bietet Aussichten auf die nahegelegene Insel Eysturoy und hat eine ungewöhnliche achteckige Kirche.,Das Dorf Haldarsvík bietet einen Blick auf die nahegelegene Insel Eysturoy und hat eine ungewöhnliche achthöhnige Kirche.,,
436,NLLB-200-600M,It states that the most effective place for the main subject is at the intersection of lines dividing the image into thirds vertically and horizontally (see example).,"Sie besagt, dass der Kreuzungspunkt der Linien, die ein Bild vertikal und horizontal dritteln, der effektivste Platz für das Hauptmotiv ist (siehe Beispiel).","Sie besagt, dass der effektivste Ort für das Hauptgegenstand an der Kreuzung von Linien liegt, die das Bild vertikal und horizontal in Dritte teilen (siehe Beispiel).",,
958,NLLB-200-600M,"Regular announcements in the Metro are made only in Catalan, but unplanned disruptions are announced by an automated system in a wide variety of languages including Spanish, English, French, Arabic and Japanese.","Normale Durchsagen erfolgen in der Metro ausschließlich auf Katalanisch, aber unvorhergesehene Störungen werden von einem automatisierten System in einer Vielzahl von Sprachen gemeldet, darunter Spanisch, Englisch, Französisch, Arabisch und Japanisch.","Regelmäßige Ankündigungen in der Metro werden nur auf Katalanisch gemacht, aber ungeplante Störungen werden durch ein automatisiertes System in einer Vielzahl von Sprachen wie Spanisch, Englisch, Französisch, Arabisch und Japanisch angekündigt.",,
440,NLLB-200-600M,One of the main Christian tenets is that wealth should be used to alleviate suffering and poverty and that the monetary funds of the church are there specifically for that reason.,"Einer der wichtigen christlichen Glaubenssätze besagt, dass Vermögen zur Linderung von Leid und Armut eingesetzt werden soll und dass es die Geldmittel der Kirchen genau aus diesem Grund gibt.","Einer der wichtigsten christlichen Lehren ist, daß der Reichtum verwendet werden sollte, um Leiden und Armut zu lindern, und daß die Geldmittel der Kirche aus diesem Grund vorhanden sind.",,
249,NLLB-200-600M,NHK also reported that the Kashiwazaki Kariwa nuclear power plant in Niigata prefecture was operating normally.,"Die NHK berichtete zudem, dass das Atomkraftwerk von Kashiwazaki Kariwa in der Präfektur Niigata normal in Betrieb war.","NHK berichtete auch, dass das Kernkraftwerk Kashiwazaki Kariwa in der Präfektur Niigata normal funktionierte.",,
615,NLLB-200-600M,"Fortunately, drivers tend to behave within a reasonably consistent range; thus, traffic streams tend to have some reasonable consistency and can be roughly represented mathematically.","Glücklicherweise neigen Autofahrer dazu, sich einigermaßen konsistent zu verhalten; daher haben Verkehrsströme eine gewisse Konstanz und lassen sich mathematisch grob darstellen.","Glücklicherweise verhalten sich die Fahrer in einem vernünftigerweise konsistenten Bereich, so dass Verkehrströme in der Regel eine angemessene Konsistenz haben und mathematisch ungefähr dargestellt werden können.",,
644,NLLB-200-600M,"Sadly, as newer methods of writing have emerged, the pencil has been relegated to lesser status and uses.","Leider ist der Bleistift mit dem Aufkommen neuerer Schreibmethoden in den Hintergrund getreten, so dass er in seinem Status und in seiner Verwendung zurückgedrängt wurde.",Mit dem Aufkommen neuer Schreibmethoden wurde der Bleistift leider nicht mehr genutzt.,,
552,NLLB-200-600M,"At the same time, the German navy, using mainly U-boats, was trying to stop this traffic.",Gleichzeitig versuchte die deutsche Marine diesen Verkehr hauptsächlich mit U-Booten aufzuhalten.,"Zur gleichen Zeit versuchte die deutsche Marine, die hauptsächlich U-Boote benutzte, diesen Verkehr zu stoppen.",,
549,NLLB-200-600M,Using ships to transport goods is by far the most efficient way to move large amounts of people and goods across oceans.,Der Einsatz von Schiffen für den Gütertransport ist die bei weitem effizienteste Methode zum Transport großer Menschen- und Gütermengen über die Ozeane.,"Die Verwendung von Schiffen zur Beförderung von Gütern ist bei weitem der effizienteste Weg, um große Mengen von Menschen und Gütern über die Ozeane zu transportieren.",,
101,NLLB-200-600M,"However, the percentage of XDR-TB in the entire group of people with tuberculosis still seems to be low; 6,000 of the total 330,000 people infected at any particular moment in South Africa.","Trotzdem ist der Anteil an XDR-TB in der gesamten Gruppe der Leute mit Tuberkulose offenbar dennoch gering; 6.000 der insgesamt 330.000 Leute, die in Südafrika zu einem bestimmten Zeitpunkt angesteckt sind.",Der Prozentsatz von XDR-TB in der gesamten Gruppe von Menschen mit Tuberkulose scheint jedoch immer noch gering zu sein; in Südafrika sind 6.000 von insgesamt 330.000 infizierten Personen zu einem bestimmten Zeitpunkt infiziert.,,
265,NLLB-200-600M,"The bill requires violent video games sold in the state of California to be labeled with a decal reading ""18"" and makes their sale to a minor punishable by a fine of $1000 per offense.","Der Gesetzesvorschlag sieht vor, dass im Bundesstaat Kalifornien verkaufte Videospiele mit einem Aufkleber mit der Zahl „18“ versehen werden und der Verkauf an Minderjährige mit einer Geldbuße von 1000 $ bestraft wird.","Das Gesetz verlangt, dass gewalttätige Videospiele, die im Bundesstaat Kalifornien verkauft werden, mit einem Aufkleber mit der Aufschrift ""18"" gekennzeichnet werden und dass der Verkauf an einen Minderjährigen mit einer Geldstrafe von 1.000 Dollar pro Straftat bestraft wird.",,
731,NLLB-200-600M,"This is the place the British colonisers took as their own and so if you are looking for evidence of the territory's colonial past, this is a good place to start.","Das ist der Ort, den sich die britischen Kolonisten zu eigen gemacht haben. Wenn Sie nach Spuren der kolonialen Vergangenheit des Gebiets suchen, ist dies ein guter Ausgangspunkt.","Dies ist der Ort, den die britischen Kolonisatoren als ihren eigenen genommen haben und wenn Sie nach Beweisen für die koloniale Vergangenheit des Territoriums suchen, ist dies ein guter Anfang.",,
213,NLLB-200-600M,"During the 1980s he worked on shows such as Taxi, Cheers, and The Tracy Ullman Show.","In den 1980er Jahren arbeitete er an Shows wie „Taxi“, „Cheers“ und „Die Tracey Ullman Show“.","In den 1980er Jahren arbeitete er an Shows wie Taxi, Cheers und The Tracy Ullman Show.",,
604,NLLB-200-600M,"Nature-based tourism attracts people interested in visiting natural areas for the purpose of enjoying the scenery, including plant and animal wildlife.","Naturnaher Tourismus zieht Leute an, die daran interessiert sind, Naturgebiete zu besuchen, um die Landschaft zu genießen, einschließlich der wilden Pflanzen und Tiere.","Der Naturtourismus zieht Menschen an, die an natürlichen Gebieten interessiert sind, um die Landschaft, einschließlich der Tier- und Pflanzenwelt, zu genießen.",,
597,NLLB-200-600M,"Periodic rhythms, which are not simply responses to external periodic cues, have been documented for most living beings, including bacteria, fungi, plants, and animals.","Von einem Zyklus bestimmte Verhaltensweisen, die nicht nur Reaktionen auf Zeichen von äußeren Zyklen sind, sind bei den meisten Lebewesen bekannt, auch bei Bakterien, Pilzen, Pflanzen und Tieren.","Periodische Rhythmen, die nicht einfach Reaktionen auf externe periodische Hinweise sind, wurden für die meisten Lebewesen dokumentiert, einschließlich Bakterien, Pilzen, Pflanzen und Tiere.",,
254,NLLB-200-600M,Three more bombs exploded near government buildings in a period of two hours.,Drei weitere Bomben detonierten binnen zwei Stunden unweit von Regierungsgebäuden.,Innerhalb von zwei Stunden explodierten noch drei Bomben in der Nähe von Regierungsgebäuden.,,
830,NLLB-200-600M,Posted speed limits are noticeably lower than in previous and subsequent sections — commonly 35-40 mph (56-64 km/h) — and strict obedience to them is even more important than otherwise.,Die angegebenen Geschwindigkeitsbegrenzungen sind merklich niedriger als in den vorhergehenden und nachfolgenden Abschnitten - in der Regel 35-40 mph (56-64 km/h) - und ihre strikte Einhaltung ist noch wichtiger als sonst.,Die angeordneten Geschwindigkeitsbegrenzungen sind deutlich niedriger als in den vorherigen und nachfolgenden Abschnitten  üblicherweise 35-40 mph (56-64 km/h)  und der strikte Gehorsam zu ihnen ist noch wichtiger als sonst.,,
289,NLLB-200-600M,"Professor Pamela Ferguson of the University of Dundee notes ""journalists do seem to be walking a dangerous line if publishing photos etc of suspects.""","Professorin Pamela Ferguson von der University of Dundee merkt an: „Journalisten scheinen eine gefährliche Grenze zu überschreiten, wenn Sie Fotos usw. von Verdächtigen veröffentlichen.“","Professor Pamela Ferguson von der Universität Dundee bemerkt: ""Journalisten scheinen eine gefährliche Linie zu gehen, wenn sie Fotos usw. von Verdächtigen veröffentlichen"".",,
554,NLLB-200-600M,"Goats seem to have been first domesticated roughly 10,000 years ago in the Zagros Mountains of Iran.",Ziegen wurden anscheinend bereits vor ungefähr 10.000 Jahren im Zāgros-Gebirge im Iran domestiziert.,Die Ziegen wurden anscheinend vor etwa 10.000 Jahren in den Zagros-Bergen des Iran zuerst domestiziert.,,
889,NLLB-200-600M,"Due to the underwater topology the return flow is concentrated at a few deeper sections, and a fast current to deep water may form there.",Wegen der Unterwassertopologie konzentriert sich der Rückfluss in wenigen tieferen Bereichen und eine schnelle Strömung bis hin zu tiefem Wasser kann sich dort bilden.,"Aufgrund der Unterwassertopologie konzentriert sich der Rückfluss in einigen tieferen Abschnitten, und dort kann sich ein schneller Strom in tiefes Wasser bilden.",,
