row	src	tgt	reason
28	Verlag Berger, Horn/Vienna 2015.	Verlag Berger, Horn/Wien 2015.	lang_id
33	The /n/ of the article merges with a preceding /n/, /l/ or /r/ giving /nn/, /ll/ and /rr/ respectively, e.g. ēn-na (the gods), ōl-la (the others), awar-ra (the fields).	Das /n/ des Artikels verschmilzt mit davorstehenden /n/, /l/ und /r/ zu /nn/, /ll/ bzw. /rr/, z. B. ēn-na (die Götter), ōl-la (die Anderen), awar-ra (die Felder).	lang_id
39	DAD-IS (Domestic Animal Diversity Information System).	In: DAD-IS - Domestic Animal Diversity Information System.	lang_id
44	"In 1988, the administration of Governor Robert D. Orr proposed that the Indiana General Assembly renovate the statehouse as part of ""Hoosier Celebration '88"", the year of the building's 100th anniversary."	"1988 schlug die Verwaltung von Gouverneur Robert D. Orr der Generalversammlung von Indiana eine Renovierung des Statehouse aus Anlass der ""Hoosier Celebration '88"", der Hundertjahrfeier des Gebäudes, vor."	number_mismatch
88	The IOC also decided that it would send invitations to the 1988 Games itself and did not leave this task to the organizing committee as had been done before.	Das IOC beschloss zudem, die Einladungen zu den Spielen direkt zu verschicken, und überließ diese Aufgabe nicht wie bis dahin dem Organisationskomitee.	number_mismatch
103	"The Tragic Case of Hans Litten""."	The Tragic Case of Hans Litten“ veröffentlicht wurde.	lang_id
127	The magnetic tape memory had a capacity of 1 million Z25 words and a transmission speed of approximately 33000 Z25 words per second.	Der Magnetbandspeicher hatte eine Kapazität von einer Million Z25-Wörtern und eine Übertragungsgeschwindigkeit von rund 33.000 Z25-Wörtern pro Sekunde.	number_mismatch
150	"46; Chorale Fantasia on ""Halleluja!"	"46; Choralfantasie über ""Halleluja!"	lang_id
157	A guide to the Birds of Costa Rica.	In: A guide to the birds of Costa Rica.	lang_id
172	In the years 1960, 1964 and 1967, two boys and a girl aged 8 to 10 years old disappeared without a trace near the lively Messeplatz in Pirmasens, always on a Friday.	In den Jahren 1960, 1964 und 1967 verschwanden zwei Jungen und ein Mädchen im Alter von acht bis zehn Jahren spurlos, jeweils an einem Freitag und in der Nähe des belebten Pirmasenser Messeplatzes.	number_mismatch
174	The Weather Bureau had issued the first of its twice-daily reports at approximately 8:00 a.m.; it did not send another report to Washington, D.C. until 8:00 p.m.	Das Weather Bureau hatte gegen 8:00 Uhr morgens den ersten der zweimal täglich erstellten Berichte ausgegeben; der nächste Wetterbericht würde erst um 20:00 Uhr nach Washington, D.C. gekabelt werden.	number_mismatch
181	Category Central Tejo	Kategorie Central Tejo	lang_id
202	Anagennisi Karditsa Football Club, or Anagennisi Karditsa 1904 (Greek: Αναγέννηση Καρδίτσας 1904), is a Greek association football club based in the city of Karditsa, Greece.	Anagennisi Karditsa oder Anagennisi Karditsa 1904 (griechisch Αναγέννηση Καρδίτσας 1904) ist ein griechischer Fußballclub aus Karditsa in Griechenland.	lang_id
207	"2015: Alexandre de Juniac, CEO of Air-France-KLM, for the advertisement campaign ""Air France, France is in the air"", replacing the elegant commercial « Faire du ciel le plus bel endroit de la terre » (Making of the Sky the prettiest place on Earth)."	2015: Alexandre de Juniac, Vorstandsvorsitzender von Air France-KLM, für den Ersatz der Werbekampagne „Faire du ciel le plus bel endroit de la terre“ durch die englische Kampagne „Air France, France is in the air“.	lang_id
260	"Bijela is the home of the Jadransko brodogradilište Bijela, (Montenegrin: Јадранско бродоградилиште Бијела) (""Bijela Adriatic Shipyard""), the largest maintenance and repair shipyard dock in Montenegro."	Bijela ist seit 1927 Standort der Bijela Adria Schiffswerft (montenegrinisch: Jadransko brodogradilište Bijela, Јадранско бродоградилиште Бијела), der größten Instandsetzungs- und Reparaturwerft in Montenegro.	lang_id;number_mismatch
261	The Tërkuzë provides around 105,000,000 m3 of water per year from a catchment area of roughly 98 km2.	Die Tërkuza liefert pro Jahr rund 105.000.000 Kubikmeter Wasser aus einem Einzugsgebiet von etwa 98 Quadratkilometern.	number_mismatch
276	"10 for choir a cappella (1960): Ubi caritas et amor Tota pulchra es Tu es Petrus Tantum ergo Messe ""Cum jubilo"" op."	10 für Chor a cappella (1960): Ubi caritas et amor Tota pulchra es Maria Tu es Petrus Tantum ergo Messe Cum Jubilo op.	lang_id
299	"The first person plural has two forms: il- which is used before vowels and ii- which is used before consonants — thus, il-iyya ""we go"", ii-malli ""we jump""."	"Die 1. Person Plural hat zwei Formen: il- das vor Vokalen verwendet wird und ii- das vor Konsonanten verwendet wird — deshalb il-iyya ""wir gehen"", ii-malli ""wir springen""."	number_mismatch
306	Biographical details of Vera Ludwig.	Biographische Angaben von Vera Ludwig.	lang_id
316	I worship not that which ye worship, nor will ye worship that which I worship.	(4) Und ich verehre nicht, was ihr (bisher immer) verehrt habt, (5) und ihr verehrt nicht, was ich verehre.	number_mismatch
324	Jahrhunderts : Die Erfolgsstrategien unbekannter Weltmarktführer.	Die Erfolgsstrategien unbekannter Weltmarktführer.	lang_id
398	In the spring of 1933, the only 3 examples of the Class VT 133 railbus from Passau Hauptbahnhof were taken out of service.	Im Frühjahr 1933 nahmen die nur drei Exemplare zählenden Triebwagen vom Typ VT 133 vom Hauptbahnhof Passau aus den Betrieb auf.	number_mismatch
411	He commanded the NATO Stabilization Force in Bosnia and Herzegovina from October 23, 1998 to October 1999, concurrent with his command of U.S. Army Europe/7th Army.	Er kommandierte die NATO Stabilization Force in Bosnien und Herzegovina vom 23. Oktober 1998 bis zum Oktober 1999, gleichzeitig zu seinem Kommando über die Seventh United States Army.	number_mismatch
444	Fourteen ISAF and Afghan service members were injured.	Insgesamt wurden 14 ISAF-Soldaten und afghanische Soldaten verletzt.	number_mismatch
448	(Online as Psychologie: Mensch, was für ein Irrtum!	April 2012 (online als Psychologie: Mensch, was für ein Irrtum!	lang_id;number_mismatch
452	In 2004, trolleybus line 1 was extended about 500 m (1,600 ft) from Messezentrum to Salzburgarena.	2004 verlängerte man die Obuslinie 1 um circa 500 Meter vom Messezentrum zur Salzburgarena.	lang_id;number_mismatch
492	According to Anthony Emery in Greater Medieval Houses of England and Wales, 1300-1500: East Anglia, Central England and Wales, the structure may never have been very grand.	Laut Anthony Emerys Greater Medieval Houses of England and Wales, 1300–1600: East Anglia, Central England and Wales war das Gebäudeensemble vermutlich nie besonders großartig.	number_mismatch
